,Name,Description,Rate,Member,pub_date,gener
0,Berserk,"Guts, a former mercenary now known as the ""Black Swordsman,"" is out for revenge. After a tumultuous childhood, he finally finds someone he respects and believes he can trust, only to have everything fall apart when this person takes away everything important to Guts for the purpose of fulfilling his own desires. Now marked for death, Guts becomes condemned to a fate in which he is relentlessly pursued by demonic beings.

Setting out on a dreadful quest riddled with misfortune, Guts, armed with a massive sword and monstrous strength, will let nothing stop him, not even death itself, until he is finally able to take the head of the one who stripped him—and his loved one—of their humanity.",9.42,"470,994","Aug 25, 1989","Action,Adventure,Drama,Fantasy,Horror,Supernatural"
1,One Piece,"Gol D. Roger, a man referred to as the ""Pirate King,"" is set to be executed by the World Government. But just before his demise, he confirms the existence of a great treasure, One Piece, located somewhere within the vast ocean known as the Grand Line. Announcing that One Piece can be claimed by anyone worthy enough to reach it, the Pirate King is executed and the Great Age of Pirates begins.

Twenty-two years later, a young man by the name of Monkey D. Luffy is ready to embark on his own adventure, searching for One Piece and striving to become the new Pirate King. Armed with just a straw hat, a small boat, and an elastic body, he sets out on a fantastic journey to gather his own crew and a worthy ship that will take them across the Grand Line to claim the greatest status on the high seas.",9.17,"442,494","Jul 22, 1997","Action,Adventure,Comedy,Fantasy"
2,Naruto,"Whenever Naruto Uzumaki proclaims that he will someday become the Hokage—a title bestowed upon the best ninja in the Village Hidden in the Leaves—no one takes him seriously. Since birth, Naruto has been shunned and ridiculed by his fellow villagers. But their contempt isn't because Naruto is loud-mouthed, mischievous, or because of his ineptitude in the ninja arts, but because there is a demon inside him. Prior to Naruto's birth, the powerful and deadly Nine-Tailed Fox attacked the village. In order to stop the rampage, the Fourth Hokage sacrificed his life to seal the demon inside the body of the newborn Naruto.

And so when he is assigned to Team 7—along with his new teammates Sasuke Uchiha and Sakura Haruno, under the mentorship of veteran ninja Kakashi Hatake—Naruto is forced to work together with other people for the first time in his life. Through undergoing vigorous training and taking on challenging missions, Naruto must learn what it means to work in a team and carve his own route toward becoming a full-fledged ninja recognized by his village.",8.06,"363,766","Sep 21, 1999","Action,Adventure"
3,Chainsaw Man,"Denji has a simple dream—to live a happy and peaceful life, spending time with a girl he likes. This is a far cry from reality, however, as Denji is forced by the yakuza into killing devils in order to pay off his crushing debts. Using his pet devil Pochita as a weapon, he is ready to do anything for a bit of cash.

Unfortunately, he has outlived his usefulness and is murdered by a devil in contract with the yakuza. However, in an unexpected turn of events, Pochita merges with Denji's dead body and grants him the powers of a chainsaw devil. Now able to transform parts of his body into chainsaws, a revived Denji uses his new abilities to quickly and brutally dispatch his enemies. Catching the eye of the official devil hunters who arrive at the scene, he is offered work at the Public Safety Bureau as one of them. Now with the means to face even the toughest of enemies, Denji will stop at nothing to achieve his simple teenage dreams.",8.70,"328,202","Dec 3, 2018","Action,Adventure"
4,Bleach,"For as long as he can remember, high school student Ichigo Kurosaki has been able to see the spirits of the dead, but that has not stopped him from leading an ordinary life. One day, Ichigo returns home to find an intruder in his room who introduces herself as Rukia Kuchiki, a Soul Reaper tasked with helping souls pass over. Suddenly, the two are jolted from their conversation when a Hollow—an evil spirit known for consuming souls—attacks. As Ichigo makes a brash attempt to stop the Hollow, Rukia steps in and shields him from a counterattack. Injured and unable to keep fighting, Rukia suggests a risky plan—transfer half of her Soul Reaper powers to Ichigo. He accepts and, to Rukia's surprise, ends up absorbing her powers entirely, allowing him to easily dispatch the Hollow.

Now a Soul Reaper himself, Ichigo must take up Rukia's duties of exterminating Hollows and protecting spirits, both living and dead. Along with his friends Orihime Inoue and Yasutora Sado—who later discover spiritual abilities of their own—Ichigo soon learns that the consequences of becoming a Soul Reaper and dealing with the world of spirits are far greater than he ever imagined.",7.71,"304,467","Aug 7, 2001","Action,Adventure,Supernatural"
5,Solo Leveling,"Ten years ago, ""the Gate"" appeared and connected the real world with the realm of magic and monsters. To combat these vile beasts, ordinary people received superhuman powers and became known as ""Hunters."" Twenty-year-old Sung Jin-Woo is one such Hunter, but he is known as the ""World's Weakest,"" owing to his pathetic power compared to even a measly E-Rank. Still, he hunts monsters tirelessly in low-rank Gates to pay for his mother's medical bills.

However, this miserable lifestyle changes when Jin-Woo—believing himself to be the only one left to die in a mission gone terribly wrong—awakens in a hospital three days later to find a mysterious screen floating in front of him. This ""Quest Log"" demands that Jin-Woo completes an unrealistic and intense training program, or face an appropriate penalty. Initially reluctant to comply because of the quest's rigor, Jin-Woo soon finds that it may just transform him into one of the world's most fearsome Hunters. ",8.83,"300,793","Mar 4, 2018","Action,Adventure,Fantasy"
6,Fairy Tail,"In the mystical realm of Earth Land, magic exists at the core of everyday life for its inhabitants, from transportation to utilities and everything in between. However, even with all its benefits, magic can also be used for great evil; therefore, to prevent dark forces from upsetting the natural order of things, there exists a system of magical guilds in the Kingdom of Fiore. Under the command of their respective guild masters, these guilds are made up of witches and wizards who take on various job requests to earn fame and fortune. One particular guild stands high above the rest in both strength and spirit, and its name is Fairy Tail.

In his quest to find his dragon foster father—Igneel—Natsu Dragneel, a fiery and reckless mage, and his partner Happy run into a young celestial mage by the name of Lucy Heartfilia, who reveals that it's her dream to become a full-fledged wizard and join the Fairy Tail guild. After rescuing her from an abduction attempt, Natsu offers her a home in Fairy Tail. Now a member of the guild, Lucy teams up with Natsu and befriends fellow wizards Gray Fullbuster and Erza ""Titania"" Scarlet. Together, this motley crew set out on their many adventures, gaining many faithful allies and deadly foes along the way.",7.59,"248,236","Aug 2, 2006","Action,Adventure,Comedy,Fantasy,Ecchi"
7,Fullmetal Alchemist,"Alchemists are knowledgeable and naturally talented individuals who can manipulate and modify matter due to their art. Yet despite the wide range of possibilities, alchemy is not as all-powerful as most would believe. Human transmutation is strictly forbidden, and whoever attempts it risks severe consequences. Even so, siblings Edward and Alphonse Elric decide to ignore this great taboo and bring their mother back to life. Unfortunately, not only do they fail in resurrecting her, they also pay an extremely high price for their arrogance: Edward loses his left leg and Alphonse his entire body. Furthermore, Edward also gives up his right arm in order to seal his brother's soul into a suit of armor.

Years later, the young alchemists travel across the country looking for the Philosopher's Stone, in the hopes of recovering their old bodies with its power. However, their quest for the fated stone also leads them to unravel far darker secrets than they could ever imagine.",9.07,"247,657","Jul 12, 2001","Action,Adventure,Comedy,Drama"
8,Vagabond,"In 16th-century Japan, Shinmen Takezou is a wild, rough young man, in both his appearance and his actions. His aggressive nature has won him the collective reproach and fear of his village, leading him and his best friend, Matahachi Honiden, to run away in search of something grander than provincial life. The pair enlist in the Toyotomi army, yearning for glory—but when the Toyotomi suffer a crushing defeat at the hands of the Tokugawa Clan at the Battle of Sekigahara, the friends barely make it out alive.

After the two are separated, Shinmen returns home on a self-appointed mission to notify the Hon'iden family of Matahachi's survival. He instead finds himself a wanted criminal, framed for his friend's supposed murder based on his history of violence. Upon being captured, he is strung up on a tree and left to die. An itinerant monk, the distinguished Takuan Soho, takes pity on the ""devil child,"" secretly freeing Shinmen and christening him with a new name to avoid pursuit by the authorities: Musashi Miyamoto.

Vagabond is the fictitious retelling of the life of one of Japan's most renowned swordsmen, the ""Sword Saint"" Musashi Miyamoto—his rise from a swordsman with no desire other than to become ""Invincible Under the Heavens"" to an enlightened warrior who slowly learns of the importance of close friends, self-reflection, and life itself.",9.15,"236,265","Sep 3, 1998","Action,Adventure,Drama"
9,Hunter x Hunter,"""Secret treasure hoards, undiscovered wealth... mystical places, unexplored frontiers... 'The mysterious unknown.' There's magic in such words for those captivated by its spell. They are called 'Hunters'!""

Gon Freecss wants to become a Hunter so he can find his father, a man who abandoned him to pursue a life of adventure. But it's not that simple: only one in one hundred thousand can pass the Hunter Exam, and that is just the first obstacle on his journey. During the Hunter Exam, Gon befriends many other potential Hunters, such as the mysterious Killua; the revenge-driven Kurapika; and Leorio, who aims to become a doctor. There's a world of adventure and peril awaiting, and those who embrace it with open arms can become the greatest Hunters of them all!",8.69,"208,309","Mar 3, 1998","Action,Adventure,Fantasy"
10,Vinland Saga,"Thorfinn, son of one of the Vikings' greatest warriors, is among the finest fighters in the merry band of mercenaries run by the cunning Askeladd, an impressive feat for a person his age. However, Thorfinn is not part of the group for the plunder it entails—instead, for having caused his family great tragedy, the boy has vowed to kill Askeladd in a fair duel. Not yet skilled enough to defeat him, but unable to abandon his vengeance, Thorfinn spends his boyhood with the mercenary crew, honing his skills on the battlefield among the war-loving Danes, where killing is just another pleasure of life.

One day, when Askeladd receives word that Danish prince Canute has been taken hostage, he hatches an ambitious plot—one that will decide the next King of England and drastically alter the lives of Thorfinn, Canute, and himself. Set in 11th-century Europe, Vinland Saga tells a bloody epic in an era where violence, madness, and injustice are inescapable, providing a paradise for the battle-crazed and utter hell for the rest who live in it.",8.98,"201,203","Apr 13, 2005","Action,Adventure,Drama"
11,JoJo no Kimyou na Bouken Part 7: Steel Ball Run,"In the American Old West, the world's greatest race is about to begin. Thousands line up in San Diego to travel over six thousand kilometers for a chance to win the grand prize of fifty million dollars. With the era of the horse reaching its end, contestants are allowed to use any kind of vehicle they wish. Competitors will have to endure grueling conditions, traveling up to a hundred kilometers a day through uncharted wastelands. The Steel Ball Run is truly a one-of-a-kind event.

The youthful Johnny Joestar, a crippled former horse racer, has come to San Diego to watch the start of the race. There he encounters Gyro Zeppeli, a racer with two steel balls at his waist instead of a gun. Johnny witnesses Gyro using one of his steel balls to unleash a fantastical power, compelling a man to fire his gun at himself during a duel. In the midst of the action, Johnny happens to touch the steel ball and feels a power surging through his legs, allowing him to stand up for the first time in two years. Vowing to find the secret of the steel balls, Johnny decides to compete in the race, and so begins his bizarre adventure across America on the Steel Ball Run.",9.26,"180,060","Jan 19, 2004","Action,Adventure,Horror,Mystery,Supernatural"
12,Deadman Wonderland,"After a powerful earthquake nearly destroyed all of Tokyo, a prison known as Deadman Wonderland rose from what was left of the city. Privately-run through the guise and functions of a theme park, Deadman Wonderland takes in prisoners from all over Japan, using them as attractions for tourists. Little do the public know about the true purpose of this ""theme park"" and the horrors that take place within.

Enter Ganta Igarashi, a middle school student who has lived a normal life since the great earthquake occurred. This all changes when a mysterious masked murderer called the Red Man appears and kills his entire class, knocking him unconscious which consequently left him as the sole survivor. When he awakens, he is falsely convicted as the perpetrator behind the massacre, landing him a spot in Deadman Wonderland. What will become of this new inmate whose life depends on the bizarre ""games"" that this prison holds? And just what does Shiro, Ganta's supposed childhood friend who awaits his arrival, know about the Red Man?",8.00,"178,485","Apr 26, 2007","Action,Adventure,Drama,Sci-Fi,Supernatural"
13,Nanatsu no Taizai,"In a world where injustice prevails, the Holy Knights of Britannia protect their homeland with their unparalleled magic and strength. Their most sought-after targets are ""The Seven Deadly Sins"": a group of criminals once regarded as the strongest of Britannia's Holy Knights. Their supposed conspiracy to overthrow the Kingdom of Liones led to their defeat at the hands of the Holy Knights, but rumors persist that the seven infamous knights still live.

Ten years later, the Holy Knights ironically stage a coup d'état themselves and capture the King of Liones, installing themselves as the new rulers of the kingdom. Elizabeth Liones, the third princess of the kingdom, sets out on a journey to find the Seven Deadly Sins and request their aid when she stumbles upon a bar owned by Meliodas, the Dragon's Sin of Wrath and the former leader of the disgraced knights. The pair sets out to find Meliodas' old comrades, but will it be hope or despair that awaits them in their travels?",7.60,"161,024","Oct 10, 2012","Action,Adventure,Fantasy,Supernatural"
14,JoJo no Kimyou na Bouken Part 6: Stone Ocean,"In Florida, 2011, Jolyne Kuujou sits in a jail cell like her father Joutarou once did; yet this situation is not of her own choice. Framed for a crime she didn’t commit, and manipulated into serving a longer sentence, Jolyne is ready to resign to a dire fate as a prisoner of Green Dolphin Street Jail. Though all hope seems lost, a gift from Joutarou ends up awakening her latent abilities, manifesting into her Stand, Stone Free. Now armed with the power to change her fate, Jolyne sets out to find an escape from the stone ocean that holds her.

However, she soon discovers that her incarceration is merely a small part of a grand plot: one that not only takes aim at her family, but has additional far-reaching consequences. What's more, the mastermind is lurking within the very same prison, and is under the protection of a lineup of menacing Stand users. Finding unlikely allies to help her cause, Jolyne sets course to stop their plot, clear her name, and take back her life.",8.23,"159,912","Dec 7, 1999","Action,Adventure"
15,Claymore,"It is the Middle Ages, and the remnants of mankind are plagued by paranoia and death. Spoken in fearful whispers, the word ""Yoma"" cuts a clear image into the minds of all: monstrous beings with an insatiable hunger for human flesh. But fear of their gruesome appetite is dwarfed by that of their ability to shapeshift and steal the memories of their last meal. Forever vulnerable to attack, humans live in unease, even among family.

There are few means to kill a Yoma. The Organization, informally known as ""Claymore,"" is humanity's only line of defense, dispatching half-human, half-Yoma female warriors to purify villages of Yoma. A lonely and dangerous existence, death for these warriors comes with each new assignment. What time is found between trying battles and long, arduous travels is spent in ever-intensifying struggle to resist their Yoma blood and maintain their humanity. Villagers, knowing of this, pay for their security reluctantly and have only loathsome regard for their protectors.

Claymore follows the stoic and low-ranking member Clare in her daunting trek as she searches for personal vengeance. Along the way, she encounters many unexpected things about the world, from the camaraderie and hope held fast by her sisters-in-arms to the sinister truth behind the Claymore Organization.",8.31,"151,912","May 6, 2001","Action,Adventure,Fantasy,Horror"
16,Pandora Hearts,"Reminiscent of a broken toy box, the mystical Abyss is a terrifying realm home to monstrous creatures called ""Chains."" Most believe it to be only a fairy tale, used to scare children who misbehave. Oz Vessalius, the cheerful and mischievous heir of the noble Vessalius family, is one such individual—until, at his coming-of-age ceremony, the mysterious Baskerville Clan inexplicably arrives and condemns him to the Abyss for a sin he didn't commit, nor knows nothing about. Oz then forms a contract with Alice, a unique Chain who can take on human form, in an attempt to escape from the Abyss.

Pandora Hearts follows the young boy's struggle to unravel the mysteries behind his sin, the Abyss, and a tragedy from one hundred years ago. Soon, Oz and his companions will find themselves confronted by the Baskervilles and ghosts from the past, as he makes his way back home in a journey plagued by relentless despair.",8.59,"141,613","May 18, 2006","Adventure,Fantasy,Mystery,Supernatural"
17,Dr. Stone,"When a mysterious light suddenly engulfs Earth, humanity is left petrified, frozen in stone. Thousands of years later, the world is teeming with vegetation, and forests have taken the places of cities that once stood proudly. One of the very first to emerge from their stone prison is Taiju Ooki, who finds that his good friend, a brilliant young scientist named Senkuu, has been preparing for his awakening. While Taiju wishes to save the girl he loves, Senkuu is determined to figure out the cause behind the strange phenomenon and restore the world to its former glory.

But when they free the infamously powerful Tsukasa Shishiou in order to gain an upper hand against the dangers in an unfamiliar world, they realize that their new comrade has other plans. Tsukasa sees their predicament as a chance to start over; free from the corruption and destruction wrought by technology, he will stop at nothing to achieve his goals. With both sides unable to see eye to eye, Senkuu and his devotion to science will clash with Tsukasa and his primal nature in what will truly be a battle of the ages.",8.22,"140,085","Mar 6, 2017","Adventure,Sci-Fi"
18,Tower of God,"Twenty-Fifth Bam had been alone his whole life until he met Rachel. Now, however, Rachel is set on climbing the Tower, and she is willing to leave Bam behind to do so. After Rachel disappears in a veil of light, Bam follows her, vowing to ascend the Tower in hopes of meeting her again.

But the Tower is a dangerous place full of ancient secrets, fearsome monsters, and nefarious humans. Each floor is protected by an Administrator who puts the daring challengers through grueling tests that will push them to their limits.

As he confronts Headon, the Administrator of the first floor, Bam learns that he is an ''Irregular,'' someone who was not chosen by the Tower but was able to enter it on his own, an extremely rare event inside the Tower. Regardless of this revelation, however, his path forward is clear. Be it wealth, power, glory, or even reuniting with Rachel, all desires will be realized at the top of the Tower.",8.48,"139,619","Jul 5, 2010","Action,Adventure,Drama,Fantasy,Mystery"
19,Ao no Exorcist,"After a fight with his foster father Shirou Fujimoto, Rin Okumura's life is transformed overnight when Rin is revealed to be the son of the demon lord Satan, king of the demonic realm of Gehenna. Soon after, his foster father becomes possessed and dies at the hands of Satan, leaving Rin and his twin brother Yukio alone in the world. Seeking revenge for Fujimoto's death, Rin attends True Cross Academy with Yukio in order to become an exorcist and join the Knights of the True Cross.

Rin's new path, however, is filled with many difficulties. While new classes and dealing with his peers are already troublesome enough, he is also forced to conceal his newfound demonic powers and parentage. In addition, plenty of evildoers want to use him for their own ends. One misstep could lead to disaster, as not everyone at True Cross Academy is exactly who they seem to be...",7.93,"137,220","Apr 4, 2009","Action,Adventure,Drama,Fantasy,Supernatural"
20,D.Gray-man,"Thousands of years ago, there existed those gifted with the power of God. Their mission: to destroy the ominous evils that lurk in the darkness known as ""Akuma."" Led by the Milenium Earl, Akuma seek to destroy fragments of ""Innocence,"" the only weapons capable of harming the Earl and his army and bring about the Great Flood from a hundred years ago.

To prevent this tragedy from happening, the Black Order was formed as an organization dedicated to fighting the Earl. They recruit Exorcists, those with the inherent ability to accomodate Innocence, to fight against the Akuma.

In the late 19th century, Allen Walker—a white-haired boy armed with Innocence that takes the form of his entire left arm and a cursed eye that can see Akuma—is sent to the Black Order. There, Allen meets various comrades from the Order—the mercurial Yuu Kanda, the kindhearted Lenalee Lee, and the cheerful yet mysterious Lavi. Despite their different personalities, they have one goal in mind: to bring salvation to the souls of Akuma and prevent the Earl from destroying the world.",8.29,"134,550","May 31, 2004","Action,Adventure"
21,Dragon Ball,"Dragon Ball series follows the adventures of Son Goku from his childhood through adulthood as he trains in martial arts and explores the world in search of the seven mystical orbs known as the Dragon Balls, which can summon a wish-granting dragon when gathered. Along his journey, Goku makes several friends and battles a wide variety of villains, many of whom also seek the Dragon Balls for their own desires. Along the way becoming the strongest warrior in the universe.

(Source: Wikipedia)",8.40,"126,367","Nov 20, 1984","Action,Adventure,Comedy,Sci-Fi"
22,Magi,"Fourteen years ago, mysterious buildings called ""Dungeons"" started to rise in various places around the world. Within these dungeons, powerful beings called djinns rule over. When a person successfully conquers the dungeon, the djinn offers their immense strength in the form of Metal Vessels, recognizing him or her as a worthy king candidate. Adventurers from many empires and kingdoms venture into the dungeons in search of their bountiful treasures and the power of djinns. However, to travel through them is not an easy task, and only Magi—legendary magicians who choose kings and develop countries—can guide people through.

After being trapped in a room for most of his life, a young Magi named Aladdin finally sets out on a journey to explore the world along with his friend, a djinn named Ugo, who he can summon from his flute. Through a series of fateful encounters, Aladdin meets new various friends and allies, and together they begin an adventure that will change the fate of the world.",8.29,"125,295","Jun 3, 2009","Adventure,Fantasy"
23,Made in Abyss,"The Abyss, a hole of unprecedented depth—one young girl and a robot brave its dangers to find the truth.

The town of Orth is a special one, as it is built around the edges of the massive Abyss, a wonder which has never been fully explored. Those who venture too far down never return, but those brave enough to traverse its territories are known as ""Cave Raiders"" and are heralded as legends. Within this town lives a young girl called Riko, the child of one of the most famous Cave Raiders of all time who disappeared on an expedition many years ago.

One day, Riko's life changes when she meets a strange robot called Reg, who seems to appear from within the Abyss. Believing this to be a sign from her mother stuck at the bottom of the Abyss, Riko descends into its depths with Reg, ready to confront all the dangers within it.",8.81,"113,253","Oct 20, 2012","Adventure,Drama,Fantasy,Sci-Fi"
24,JoJo no Kimyou na Bouken Part 8: JoJolion,"In 2011, childhood friends Yasuho Hirose and Joushuu Higashikata discover a naked man buried in the ground just outside the town of Morioh. The man has no memory of his name or previous life; the only thing he remembers about himself is how to use his Stand, a supernatural ability that takes the form of a humanoid creature. The stranger is quickly given a name, Jousuke, and Joushuu's father Norisuke decides to adopt him into the Higashikata household until he can find his own home.

As Jousuke begins to investigate his past, it becomes apparent that he is no ordinary amnesiac. There is much more to his identity than he first suspected, and, as he is thrust into a series of high-stakes Stand battles, he soon begins unravelling a deadly conspiracy that encompasses the entire town.",8.44,"103,354","May 19, 2011","Action,Adventure,Mystery,Supernatural"
25,JoJo no Kimyou na Bouken Part 1: Phantom Blood,"While the gold rush takes Europe by storm, a young Jonathan Joestar lives a life of luxury with his father at their estate in Liverpool, England. Jonathan, known by his peers as JoJo, spends his days playing the part of a gentleman and living a carefree life. However, those peaceful days soon came to an end when Dio Brando intrudes upon him.

Dio is young boy from London who is adopted into the Joestar family due to a debt Jonathan’s father owed to Dio’s father. While Jonathan is receptive towards having a new brother, Dio schemes against the Joestars in order to inherit the fortune. As Dio’s schemes get out of hand, Jonathan  is forced to confront him once and for all.

Thus begins the story of the Joestar bloodline, as Jonathan matures with and eventually combats his adoptive brother while encountering bizarre new friends and foes.",7.33,"100,998","Dec 2, 1986","Action,Adventure,Horror"
26,Noblesse,"Within an abandoned building in South Korea lies a white coffin, from which rises Cadis Etrama Di Raizel ""Rai""—an unimaginably beautiful, dignified, and noble man. Awakening in this unknown time, Rai must seek out someone he can trust—his loyal companion, Frankenstein. To begin with, Rai attempts to blend into human society by transforming his old-fashioned clothing into the pristine blazer of the nearby Ye Ran High School. As it turns out, the principal of the school is his servant Frankenstein.

After slumbering for the past 820 years, Rai requires Frankenstein's help to adapt to the current age, so Frankenstein enrolls him as a new student in order to help him understand modern society and experience a normal life. Frankenstein's plans, however, soon go awry not only because of the problems stemming from modern society, but also unresolved conflicts from him and his master's troubled past. Left with no other choice, Rai must resort to using his mysterious power to protect those he holds dear.",8.19,"94,915","Dec 30, 2007","Action,Adventure,Comedy,Supernatural"
27,JoJo no Kimyou na Bouken Part 5: Ougon no Kaze,"Naples, 2001. Giorno Giovanna is a small-time crook with one big dream—to become a ""Gang-Star."" No ordinary thief, Giorno has a connection to the remarkable Joestar bloodline, and possesses a Stand named Gold Experience. His dream starts to become reality when he meets Bruno Buccellati, a mobster from the gang Passione and a fellow Stand user himself. Realizing that they share similar ideals, and both disagree with the gang's harmful affairs, Giorno reveals his goal to Bruno: with Bruno's help, he will reform Passione by overthrowing the boss.

As Giorno becomes a member of Passione, and is inducted into Bruno's squad, he discovers that it is no simple gang; its numbers are teeming with Stand users. Now confronted by other squads of differing loyalties and unpredictable caliber, their goal to change the gang from the inside out will be a tough one. Taking on these adversaries, Giorno attempts to rise through the ranks and inch closer to the boss, a man who is shrouded in mystery. ",8.17,"91,523","Nov 28, 1995","Action,Adventure"
28,Boruto: Naruto Next Generations,"Naruto Uzumaki has finally achieved his dream of becoming Hokage, the leader of the Hidden Leaf Village that he spent his teenage years fighting to protect. Naruto and his peers now live in a world of peace, working hard to uphold an international truce built on good will and diplomacy.

However, this stasis comes at a personal cost for the aging hero. Naruto and the shinobi he grew up alongside find that working to upkeep the neutral world takes them away from their families, and even the legendary warriors of Naruto's generation must contend with being mediocre parents to their bitter children, including his own son Boruto.

Boruto Uzumaki faces a world completely unlike that of his father, finding unique trouble in the distance between the two. Contending with a society that heaps an unbearable load of pressure on his shoulders over his status as the Hokage's son, Boruto carves his own path through the world, fighting to make a name for himself as evil forces threaten to shatter the peace his father helped create.",6.95,"86,115","May 9, 2016","Action,Adventure"
29,JoJo no Kimyou na Bouken Part 2: Sentou Chouryuu,"America, 1938. Robert E. O. Speedwagon, his foundation, and Straits venture to Mexico to gather more information about the enigmatic Stone Masks. While excavating the ruins, Speedwagon's men are slaughtered by Strait's sudden betrayal and his lust for power, putting Speedwagon in grave danger.

Meanwhile, at the behest of their ally Speedwagon, Joseph Joestar and his grandmother Erina Pendleton have moved to New York City from London. In this new environment, trouble is always around the corner for the hotheaded man, as cultural differences and stubborn citizens spark frequent fights. However, through the power of his ""Ripple""—an ability said to be inherited from his grandfather Jonathan Joestar—he defeats foes effortlessly.

One night at a downtown Italian restaurant, Joseph and Erina are provoked when an enormous man across their table taunts them. A proper gentleman from the same table apologizes and informs the two of a disturbing rumor: Speedwagon has been murdered. With an uncertain future, Joseph's bizarre adventure begins, meeting like-minded yet brawny individuals and unearthing remote mysteries along the way.",8.18,"82,673","Oct 20, 1987","Action,Adventure"
30,Psyren,"Ageha Yoshina is a self-confident high school student who helps others for a fee. On his way back from a job, he finds a strange calling card with the word ""Psyren"" imprinted left behind in a phone booth and decides to keep it, unaware of its purpose. The very next day, Ageha discovers that his classmate Sakurako Amamiya has the exact same calling card in her possession. When he questions her, Sakurako asks him to save her, signaling the day his troubles begin.

Confused by the circumstances of this encounter, Ageha realizes something is wrong when Sakurako goes missing. In an attempt to figure out what is happening, he decides to call the number provided on the calling card and is asked a series of questions by a mysterious voice, ending with a final, cryptic question: ""Would you like to go to Psyren?"" Thus begins two teenagers' participation in a game of life or death within a strange world inhabited by monsters called ""Taboo."" Granted the ability to use psychic powers known as ""PSI,"" the duo fight to return to the place they call home.",8.00,"81,729","Dec 3, 2007","Action,Adventure,Romance,Sci-Fi,Supernatural"
31,Fumetsu no Anata e,"It, a mysterious immortal being, is sent to the Earth with no emotions nor identity. However, It is able to take the shape of those around that have a strong impetus.

At first, It is a sphere. Then, It imitates the form of a rock. As the temperature drops and snow falls atop the moss, It inherits the moss. When an injured, lone wolf comes limping by and lays down to die, It takes on the form of the animal. Finally, It gains consciousness and begins to traverse the empty tundra until It meets a boy.

The boy lives alone in a ghost town, which the adults abandoned long ago in search of the paradise said to exist far beyond the endless sea of white tundra. However, their efforts were for naught, and now the boy is in a critical state.

Acquiring the form of the boy, It sets off on a never-ending journey, in search of new experiences, places, and people.",8.43,"78,046","Nov 9, 2016","Adventure,Drama,Supernatural"
32,JoJo no Kimyou na Bouken Part 3: Stardust Crusaders,"In 1989, Joseph Joestar arrives in Japan to meet his troubled grandson Joutarou Kuujou at the request of his daughter Holly. Joutarou has locked himself in a jail cell out of fear that an evil spirit is possessing him and that he may cause harm to others. However, Joseph reveals the truth to Joutarou: this ""spirit"" is really a ""Stand,"" a physical manifestation of one's fighting spirit. What's more, Joseph and his companion Mohammed Avdol possess Stands of their own and have learned to control them with ease.

Joseph's arrival comes with another piece of news: an old family enemy has returned from the grave, causing the Stands of the Joestar family to awaken. However, when a Stand manifests within Holly, her inability to cope with it leaves her gravely ill, stirring the men into action.

Armed with the power of Stands, a globe-trotting adventure from Japan to Egypt—where their adversary resides—begins. Meeting an array of nefarious Stand users along the way, as well as new allies, the team leads a crusade to save Holly and put an end to their enemy for good.",8.11,"76,719","Mar 20, 1989","Action,Adventure,Supernatural"
33,Tsubasa: RESERVoir CHRoNiCLE,"Warmhearted Syaoran has always been friends with Sakura—the princess of the Clow Kingdom who holds an extraordinary power capable of changing the world. When a mysterious man attempts to monopolize Sakura's ability, her memories scatter throughout different worlds in the form of feathers. To save Sakura, Syaoran seeks help from the Dimensional Witch and meets two other travelers—Kurogane and Fai D. Flourite.

Kurogane, a capable fighter and ninja, has been banished from his homeworld and wishes to return. In contrast, Fai, a magician from Celes, wants to traverse different worlds to avoid his home and past. As the price to cross dimensions, each of the three must sacrifice their most valued possession. For Sakura's sake, Syaoran agrees to give away their relationship as payment to the Dimensional Witch. And with firm determination, Syaoran, Kurogane, and Fai begin journeying through numerous worlds to fight against their ill-fated destinies.",8.32,"71,731","May 21, 2003","Action,Adventure,Drama,Fantasy"
34,Mahou Sensei Negima!,"Negi Springfield, a 10-year-old wizard who recently graduated from Merdiana Magic Academy in Wales, hopes to achieve two things—to find his missing father, who was once known as the Thousand Master, and to become a Magister Magi, someone who helps the everyday world through magic. To reach his latter goal, he is assigned one last task: to teach English at a middle school in Japan.

Much to his surprise and dismay, he not only discovers that his homeroom class consists of 31 girls, but also ends up revealing his true identity as a magician to Asuna Kagurazaka, one of his new students. Negi must now negotiate with the girl and face his most difficult challenge yet—to keep his identity a secret as he tackles magical threats both from within and outside of Mahora Academy, all the while keeping a watchful eye out for his lost father.",7.96,"68,477","Feb 26, 2003","Action,Adventure,Comedy,Fantasy,Romance,Supernatural,Ecchi"
35,Shaman King,"Shamans are extraordinary individuals with the ability to communicate with ghosts, spirits, and gods, which are invisible to ordinary people. The Shaman Fight—a prestigious tournament pitting shamans from all over the world against each other—is held every five hundred years, where the winner is crowned Shaman King. This title allows the current incumbent to call upon the Great Spirit and shape the world as they see fit.

Finding himself late for class one night, Manta Oyamada, an ordinary middle school student, decides to take a shortcut through the local cemetery. Noticing him, a lone boy sitting on a gravestone invites Manta to stargaze with ""them."" Realizing that ""them"" refers to the boy and his ghostly friends, Manta flees the terror. Later, the boy introduces himself as You Asakura, a Shaman-in-training, and demonstrates his powers by teaming up with the ghost of six-hundred-year-old samurai Amidamaru to save Manta from a group of thugs. You befriends Manta due to his ability to see spirits, and with the help of Amidamaru, they set out to accomplish You's goal of becoming the next Shaman King.",7.82,"64,656","Jun 30, 1998","Action,Adventure,Comedy,Supernatural"
36,Golden Kamuy,"Saichi Sugimoto is feared as the ""Immortal Sugimoto"" for his savagery on the battlefield during the Russo-Japanese war, but he is by no means a war hero. Sugimoto has been left to fend for himself after his release from the army for nearly killing a superior officer. Braving the rough terrain of Hokkaido, Sugimoto is now searching for gold in order to keep a promise to his lost brother-in-arms. His efforts have been fruitless for a long time until a mysterious traveler tells him of an urban legend that would rid him of all his troubles.

According to the legend, a criminal stole the gold of the Ainu, the indigenous people of Hokkaido, and hid it away in a location that can only be found when a map—made not from pieces of parchment, but the tattooed skins of escaped convicts—is brought together.

Upon meeting with a young Ainu girl, Asirpa, Sugimoto sets off in search of the tattooed prisoners, but many dangers await as soldiers and mercenaries seek the gold as well. Aided by Asirpa’s knowledge of the lands, the two of them depart to find the stolen Ainu gold in a journey of revenge, murder, and greed.",8.54,"61,461","Aug 21, 2014","Action,Adventure"
37,Blade of the Immortal,"Manji is an infamous swordsman in feudal Japan who is known as the ""Hundred Man Killer,"" as he has killed one hundred innocent men. However, there is something far more frightening than his ominous reputation: the fact that he is immortal. This is the handiwork of eight-hundred-year-old nun Yaobikuni, who placed bloodworms capable of healing almost any wound in Manji's body.

To atone for his crimes, Manji resolves to kill one thousand evil men. Yaobikuni agrees to this proposal, saying that if he succeeds, she will undo his curse of immortality. Soon after this promise, Manji meets Rin Asano, a 16-year-old girl who requests Manji's assistance in killing those who slaughtered her parents.

Initially reluctant, Manji refuses Rin's desperate plea. However, owing to her evident lack of strength, Manji changes his mind and agrees to protect Rin for four years. With this partnership set in stone, the two embark on a perilous journey of bloodshed, vengeance, and redemption, each to fulfill their own life's cause.",8.43,"61,397","Jun 25, 1993","Action,Adventure,Drama,Supernatural"
38,Eden no Ori,"Just a few hours ago, Akira Sengoku was having fun with his classmates on their flight back to Japan from a school trip in Guam. Now, he finds himself all alone in a jungle after the plane mysteriously crashed. While searching for survivors, his surroundings become increasingly suspicious as he stumbles across various animal species he has never seen before. Finally, he manages to find two survivors—his classmate Shirou Mariya and cabin attendant Kanako Oomori—being attacked by a two-meter tall bird!

After barely managing to escape with their lives, Shirou uses his computer to pinpoint their exact location and shed some light on the strange creatures that they have encountered. What he discovers is beyond anything they expected—they have crashed on an island in the Pacific that should not exist, inhabited by animals that supposedly went extinct millions of years ago.

Eden no Ori tells the story of Akira and the other survivors' struggles on an island all too eager to see them disappear. With predators lurking around every corner, Akira and his friends must use all their wits to survive and unravel the mysteries of the island's origin.",7.69,"59,311","Nov 26, 2008","Action,Adventure,Fantasy,Ecchi"
39,InuYasha,"Kagome Higurashi's ordinary life comes to an abrupt halt when a demon drags her deep into a well, transporting her five hundred years into the past. In this era, Kagome quickly learns two things: demons walk amongst humans and she has unknowingly brought a dangerous object from her world—a marble-sized sphere known as the Shikon Jewel. This unusual orb brings tremendous power to any demon who has it in their possession, and Kagome is an easy target for anyone determined enough to steal it.

While in a fight with a demon, a hasty attempt to fend it off causes Kagome to accidentally shatter the jewel, sending countless pieces of it all over feudal Japan. She soon learns the grave consequences of her actions when she must work with the half-demon Inuyasha to collect all the pieces of the jewel before they fall into the wrong hands.",7.84,"56,030","Nov 13, 1996","Adventure,Comedy,Drama,Fantasy,Romance,Supernatural"
40,The God of High School,"The ""God of High School"" is a fierce competition held between Korean high school students to determine the best fighter among them. All styles of martial arts and weapons are allowed. The ultimate prize? The winner's deepest desire will be granted, no matter the cost.

Jin Mo-Ri has been training in taekwondo under his grandfather from a young age. Obsessed with fighting, he enters the tournament to find and challenge stronger opponents. Along the way, he meets Han Dae-Wi, an expert in karate who is determined to become the champion to help his friend who is between life and death, and Yu Mi-Ra, a skilled swordswoman who wants to continue her family's legacy.

Although this tournament seems simple, what more lies in store for Jin Mo-Ri and his friends? And will they be prepared to face what may come to pass?",7.73,"55,185","Apr 8, 2011","Action,Adventure,Fantasy,Supernatural"
41,Sword Art Online,"In the year 2022, gamers rejoice as Sword Art Online-a VRMMORPG (Virtual Reality Massively Multiplayer Online Role Playing Game) like no other-opens its virtual doors, allowing players to take full advantage of the ultimate in gaming technology: NerveGear, a system that allows users to completely immerse themselves in the game world by manipulating their brain waves to create a wholly realistic gaming experience. But when the game goes live, the elation of the players quickly turns to horror as they discover that, for all its amazing features, SAO is missing one of the most basic functions of any MMORPG-a log-out button. Now trapped in the virtual world of Aincrad, their bodies held captive by NerveGear in the real world, users are issued a chilling ultimatum: conquer all one hundred floors of Aincrad to regain your freedom. But in the warped world of SAO, ""game over"" means certain death-both virtual and real...

(Source: Yen Press)",8.01,"55,158","Apr 10, 2009","Action,Adventure,Fantasy,Romance,Sci-Fi"
42,Ookami to Koushinryou,"A young traveling merchant, Kraft Lawrence has become accustomed to days of roaming and trading, with few companions. Or so it was until one peculiar day where the trader finds a young, naked, wolf-like girl asleep in his wagon.

The beautiful girl, calling herself Holo, claims to be a local wolf deity worshipped by locals as the God of Good Harvest. Year after year, she ensured they would reap a good harvest, but she has since grown tired of fulfilling the wishes of the ungrateful locals.

Holo ends up striking a deal with Kraft: if he helps her escape the villagers, she will gladly help him in his merchant endeavors. Together, they roam from town to town in search of business, and Kraft realizes both the ups and downs of traveling with a haughty and shrewd wolf goddess.",8.85,"54,893","Feb 10, 2006","Adventure,Drama,Fantasy,Romance,Supernatural"
43,Cardcaptor Sakura,"""Herein lie the Clow Cards—if their seal is broken, disaster shall befall this world...""

Sakura Kinomoto is an energetic and sweet 10-year-old girl attending Tomoeda Elementary School. One day not long after entering the fourth grade, Sakura finds a mysterious book titled ""The Clow"" hidden within her father's bookshelves. Upon opening it, a small, winged creature with an Osakan accent comes out of the book and introduces itself as Keroberos, the Creature of the Seal who guards magical cards known as the Clow Cards and keeps them from escaping the book.

Unfortunately for the plushy guardian, it seems that the Clow Cards have already escaped—and now Sakura is tasked with capturing them before the cards unleash their powers and cause havoc all over Tomoeda! With the support of the tiny guardian who she nicknames ""Kero"" and her best friend Tomoyo Daidouji, Sakura must wield a magical bird-shaped key and use her new powers as the Cardcaptor to maintain peace and ensure that everything is alright.",8.38,"54,773","May 2, 1996","Adventure,Comedy,Fantasy,Romance"
44,Detective Conan,"Hailed as the savior of the Japanese Police Department, high school detective Shinichi Kudou uses a combination of observational skills, critical thinking, and all-around knowledge to solve cases that leave the police stumped.

One day, while at an outing with childhood friend Ran Mouri, Shinichi bears witness to a suspicious transaction between two men and is caught. As a result, he is forced to ingest a poison that is supposed to kill him, but unexpectedly shrinks his body to the size of a grade-schooler instead. Now believed to be dead, Shinichi takes up the alias of Conan Edogawa (a compound of the names of the famous mystery authors Arthur Conan Doyle and Ranpo Edogawa) in order to hide his identity and begins his new life as a seven-year-old living with Ran and her private detective father.

Meitantei Conan follows Conan as he continues to solve murder cases, all while slowly working toward exposing the men who shrunk him and eventually restoring his body.",8.28,"50,281","Jan 5, 1994","Adventure,Comedy,Mystery"
45,Übel Blatt,"When Wischtech threatened to invade the fiefs of Szaalanden, the Emperor dispatched fourteen youths. Of these, the Seven Heroes halted the invasion to herald a time of prosperity while the four Lances of Betrayal were supposedly defeated.

Two decades later, the Lances of Betrayal have reappeared and formed a bandit militia near the frontier fief Gormbark. A man with the black sword and a scar over his left eye slays an entire troop of that militia. He is identified as a boy, Kóinzell, and becomes as much an object of fear as of hope even as his own past, motivations, and purpose are a mystery to those he meets in his travel.

(Source: MU)",7.72,"49,123","Dec 3, 2004","Action,Adventure,Fantasy,Ecchi"
46,Hoshi no Samidare,"One day, college student Yuuhi Amamiya is approached by talking lizard Sir Noi Crezant. Crezant immediately launches into a fantastical story: the powerful mage Animus intends to destroy the earth with his biscuit hammer, a huge contraption looming high in earth’s orbit. Earth’s only hope lies with the princess and her Beast Knights, whose task is to protect the princess and defeat Animus.

Yuuhi is chosen as the Lizard Beast Knight, and despite his misgivings, is quickly forced to defend himself from a golem created by the mage. He is saved by his neighbor, the princess Asahina Samidare, and swears loyalty to her. However, the princess does not intend to save the earth at all. She lets Yuuhi in on her real motivations: to prevent Animus from destroying the earth, only to then annihilate the planet by her own hand. The pair continue to fight off attacks by Animus’s golems while the remaining Beast Knights are slowly being gathered and learning to use their powers. But Yuuhi will have to decide for himself whether to go along with Asahina’s plans, whom he is getting close with, or to save the earth. In the process, he must also confront his true self, and determine where his loyalties truly lie. ",8.41,"46,515","Jun 30, 2005","Action,Adventure,Comedy,Drama"
47,"Kumo desu ga, Nani ka?","When a mysterious explosion killed an entire class full of high school students, the souls of everyone in class was transported into a fantasy world and reincarnated. While some students were reincarnated as princes or prodigies, others were not as blessed.

Our heroine, who was the lowest in the class, discovered that she was reincarnated as a spider!? Now at the bottom of the food chain, she needs to adapts to the current situation with willpower in order to live! Stuck in a dangerous labyrinth filled with monsters, it's eat or be eaten!

This is the story of a spider doing whatever she can in order to survive!

(Source: MU)",7.89,"46,242","Dec 22, 2015","Action,Adventure,Comedy,Fantasy"
48,Kaze no Tani no Nausicaä,"Humanity, once a technologically advanced and thriving civilization, has been pushed to the brink of extinction following a cataclysmic war known as the ""Seven Days of Fire."" The remnants of the human race now live in scattered kingdoms to avoid the unrelenting spread of the ""Sea of Corruption,"" a colossal forest infested with dangerous mutant insects and fungi that produce poisonous spores.

Nausicaä, sole heir to the throne of the agricultural kingdom Valley of the Wind, is thrust into a war after an ally kingdom, the imperialist Torumekia, invades the Dorok Empire. Forced to fight alongside the Torumekian military and their cunning princess Kushana, Nausicaä witnesses firsthand the horrors of war and its effect on both humanity and the environment. With her uncanny charisma and gentle nature, Nausicaä may be the only for hope for humanity as the ongoing war and the Sea of Corruption hasten the extinction of mankind.

Set against the backdrop of a devastated world, Kaze no Tani no Nausicaä depicts the aftermath of human folly and the immortal power of nature.",8.83,"46,009","Oct 9, 1982","Action,Adventure,Fantasy,Supernatural"
49,Rave,"Fifty years ago, the wielders of the sacred Rave stones fought against an onslaught caused by demon stones called Dark Bring. This war resulted in an explosion known as ""Overdrive""—a blast so powerful that it sent the Dark Bring into a deep slumber and scattered the pieces of Rave across the world.

In the present, Haru Glory lives a peaceful life on Garage Island until one day, he catches the creature Plue while fishing. Plue is later recognized by Shiba Roses, an old man who happens to be the original Rave Master. Shiba explains that the Dark Bring has resurfaced, and that to stop it, assembling the scattered parts of Rave is of utmost urgency. However, before Shiba can leave on this mission, he is attacked by a soldier from the evil organization Demon Card, forcing him to transfer the power of Rave to Haru. With the fate of humankind resting on his shoulders, the new Rave Master begins his quest to find the scattered Rave fragments.",7.88,"45,433","Jul 7, 1999","Adventure,Comedy,Fantasy"
50,Arifureta Shokugyou de Sekai Saikyou,"After a magical circle suddenly appears at school, Hajime Nagumo and his classmates find themselves transported inside a church where they are welcomed as honored guests. Thrust into the RPG-like world of Tortus, each student shows great promise in both strength and never-before-seen classes—everyone besides Hajime. Given the class ""Synergist,"" which boasts borderline average stats on top of being weak in combat, Hajime is soon considered to be useless by the rest of his class.

Working towards strengthening themselves, the students descend into a dungeon, but a mishap causes the entire class to be plunged into danger. Cornered by a large demon, they are trapped on a bridge looming over an abyss, the only way out being in front of them. In an effort to save his class, Hajime declares himself as bait, hoping his sacrifice will grant a chance of escape for the others. Though he intends to escape as well, a stray fireball flies in his direction, sending him flying off the bridge and down into the depths of the dungeon. Miraculously surviving, Hajime now begins his quest of survival in an attempt to reach the surface.",7.33,"45,066","Feb 6, 2016","Action,Adventure,Fantasy"
51,Re:Monster,"Tomokui Kanata has been re-incarnated in the weakest goblin, named Goburou, after having undergone an unfortunate death. However Goburou has retained his previous life's memories, an unusual evolution, as well as becoming strong enough to gain status boosts from eating.

In this alternate world of survival of the fittest, events unfold with competent subordinates and comrades, delightful case of the tail-wagging dog...",7.48,"43,689","Mar 27, 2014","Action,Adventure,Fantasy"
52,Black Cat,"Train Heartnet is an amicable bounty hunter—known as a ""Sweeper""—with a talent for sharpshooting. Working alongside his cool-headed partner Sven Vollfied, they hunt down wanted criminals. Unfortunately, however, despite their efforts, the dynamic duo always seems to be short on money, which forces them to accept a job from the beautiful Rinslet Walker, a sly thief for hire, and a mysterious girl named Eve.

However, the motley crew soon discovers a terrible plot to revolutionize the world, and the mastermind is someone Train knows and loathes with a passion. As the plan is set into motion, it is soon made clear that behind the carefree sharpshooter's smiling face lies a tragic past and an insatiable desire for revenge.",7.83,"43,385","Jul 11, 2000","Action,Adventure,Comedy,Fantasy"
53,Kono Subarashii Sekai ni Shukufuku wo!,"Game loving shut-in Kazuma Satou's life as a young schoolboy in Japan abruptly comes to an early end...or at least it was supposed to. When he opens his eyes, though, he sees a beautiful goddess that offers him a once in an after-lifetime chance to be reborn in a parallel world. The catch is that the world is violent and threatened by a growing evil! Fortunately, he can choose any one thing to bring with him. So he chooses the goddess, Aqua! And so his adventure with his gorgeous companion begins—if he could just get enough money and food to survive, keep his goddess out of trouble, and avoid grabbing the attention of the Demon King's army!

(Source: Yen Press)",8.63,"42,892","Oct 1, 2013","Adventure,Comedy,Fantasy,Supernatural"
54,Pocket Monsters Special,"Red is just a normal kid living in the rural Pallet Town, when he decides to go out on his own adventure, along with his rival, Green. In this world of Pokémon, he makes many friends, humans and Pokémon alike. However, all is not well. Team Rocket is trying to capture Mew, a very rare Pokémon, and is performing experiments on other Pokémon, trying to increase their power. Red and his friends must battle against Team Rocket to stop their cruel experiments and unlock the secrets of Pokémon.",8.13,"41,839","Apr ??, 1997","Action,Adventure"
55,Shoujo Shuumatsu Ryokou,"Amidst a post-apocalyptic world, Chito and Yuuri seem to be the final survivors of the war that brought civilization to its demise. No longer having a place to live, the girls roam around the city on their half-track motorcycle, ever in search of resources to sustain their vagabond lifestyle. Despite the bleak future ahead of them, the duo still finds ways to entertain themselves throughout this melancholic journey.

Shoujo Shuumatsu Ryokou takes place in a barren world during the harsh winter season. As the happy-go-lucky Yuuri and the serious Chito hopelessly search for a sign of civilization, their expedition may in fact become humanity's last tour.",8.68,"41,156","Feb 21, 2014","Adventure,Slice of Life"
56,Toriko,"In a world where the taste and texture of food are an extremely important part of life, a man with superhuman skills is regularly hired by restaurants and the rich as a hunter of precious foods. With the ""help"" of his timid accomplice, inspired by Toriko's greatness to accompany him, he travels to capture the evasive and ferocious animals he needs to create the ultimate dinner course.",7.65,"40,605","May 19, 2008","Action,Adventure,Comedy,Fantasy,Gourmet"
57,Omniscient Reader,"Kim Dokja does not consider himself the protagonist of his own life. Befitting the name his parents gave him, he is a solitary person whose sole hobby is reading web novels. For over a decade, he has lived vicariously through Yu Junghyeok, the main character of the web novel Three Ways to Survive the Apocalypse (TWSA). Through Junghyeok, Dokja has experienced secondhand the trials of repeatedly regressing in time, in search of an end to life-threatening ""scenarios"" that force people to act out narratives for the amusement of god-like ""Constellations.""

After reading 3,149 chapters—long after all other readers lost interest—Dokja finally resigns himself to the story ending. However, he receives an enigmatic message from the author, stating that the story will soon be monetized, before his surroundings suddenly go dark. He swiftly realizes that fiction has become reality and he is now living through TWSA. Although he is the singular omniscient reader of the events yet to come, his success in the scenarios is not guaranteed—but perhaps his advantage will empower him to step into the protagonist role that never suited him before.",8.34,"40,184","May 27, 2020","Action,Adventure,Fantasy"
58,Devilman,"Soft-hearted Akira Fudou has always been somewhat of a pushover. When he reunites with his childhood friend, Ryou Asuka, in a fateful encounter, Ryou reveals to him the terrifying reality of his father's research: demons exist and are planning to claim possession of the earth once again.

Eager to help his friend save humanity, Akira agrees to attend Black Sabbath, a party filled with depravity and corruption, to attempt to merge with a demon. A near-death encounter causes him to unify with Amon, a demon feared amongst even his own kind. Together they form Devilman, a combination of Amon's strength and Akira's pure heart.

After uniting with Amon, Akira begins to fight against the demons with his newfound power, desperate to stop the downfall of all human civilization.",8.01,"39,754","Jun 11, 1972","Action,Adventure,Drama,Fantasy,Horror,Sci-Fi,Supernatural"
59,Banana Fish,"Ash Lynx is a beauty, a genius—and a murderer. Since childhood, he had been in the care of Dino ""Papa"" Golzine, the mafia boss who turned him into the ruthless killer he is now. At first, Ash was just a pretty face for Golzine’s pleasure, but now estranged from him, a 17-year-old Ash runs his own gang with an iron fist.

Eiji Okumura is a young Japanese photographer. Traveling to New York as an assistant, Eiji is set to work on a report about kids living in the streets. There, he meets teenage gang leader Ash and is mesmerized by the boy—who in turn is curious about Eiji's different lifestyle.

But this is the dark underground of New York, and recently a series of murders has surfaced in the city, connected only by the words ""Banana Fish."" With personal stakes in this mysterious battle, it is up to Ash, Eiji and their allies to discover what exactly ""Banana Fish"" is, where it came from and how to get rid of it—before the world as they know it descends into chaos.",8.64,"38,892","Apr 13, 1985","Action,Adventure,Drama"
60,The New Gate,"""The New Gate,"" an online game that had turned into a death game, was now releasing the tens of thousands of players that had been dragged into it, thanks to the efforts of Shin, one of the oldest players. But after he had defeated the last boss and freed everyone, he was swallowed up by a strange light and found himself inside the game world 500 years in the future.

(Source: MU)",7.76,"36,958","Nov 11, 2014","Adventure,Fantasy"
61,Sousou no Frieren,"The demon king has been defeated, and the victorious hero party returns home before disbanding. The four—mage Frieren, hero Himmel, priest Heiter, and warrior Eisen—reminisce about their decade-long journey as the moment to bid each other farewell arrives. But the passing of time is different for elves, thus Frieren witnesses her companions slowly pass away one by one.

Before his death, Heiter manages to foist a young human apprentice called Fern onto Frieren. Driven by the elf's passion for collecting a myriad of magic spells, the pair embarks on a seemingly aimless journey, revisiting the places that the heroes of yore had visited. Along their travels, Frieren slowly confronts her regrets of missed opportunities to form deeper bonds with her now-deceased comrades.",8.61,"36,501","Apr 28, 2020","Adventure,Fantasy"
62,The Horizon,"In a world ravaged by war, a young boy walks down a lonely road in the aftermath of his mother's death. Along his journey, he witnesses military tanks, dead bodies, and his beloved city in ruins. With eyes clouded by anguish, he pushes himself to keep moving forward.

One morning, he meets a girl in an abandoned bus where he spent the night. Moments after their encounter, the area turns into a battlefield, and the pair escapes into a long abandoned lane. The two strangers decide to walk together to the end of the road, thus beginning a companionship that will ignite new hope inside their shriveled hearts.",8.75,"36,336","Mar 30, 2016","Adventure,Drama"
63,Dungeon ni Deai wo Motomeru no wa Machigatteiru Darou ka,"The huge labyrinth city, Orario, is the gateway to the huge underground maze commonly known as the ""Dungeon."" Its strange name causes excitement, a place to gain honor, and maybe even a romance with a pretty girl. A place where people hold their breath, hoping to gain all they wish for, a place where a solitary young man meets a little ""god""...

The fated meeting of a boy who wants to become an adventurer, and the failed god who doesn't even have a single follower.

(Source: Baka-Tsuki)",7.66,"35,210","Aug 2, 2013","Action,Adventure,Comedy,Fantasy,Romance"
64,Ookami to Koushinryou,"Dreaming of someday owning his own shop, traveling merchant Kraft Lawrence spends his days looking for trade opportunities. One day, however, Lawrence's adventure takes an unexpected turn when he discovers a naked wolf girl asleep in his wagon.

The charming girl claims to be Holo, the wolf deity of the nearby town Pasloe. Having grown weary of the ungrateful locals, she requests Lawrence to take her back to her hometown of Yoitsu, located farther north. In return, she will help him with his mercantile affairs, lending him her shrewd mind and keen judgement.

The pair now travels from town to town, dealing with various people and the troubles they come with. But as their hearts and destination grow closer, their days of companionship are numbered.",8.46,"34,344","Sep 27, 2007","Adventure,Drama,Fantasy,Romance,Supernatural"
65,Spirit Circle,"Fuuta Okeya, a 14-year-old student, can see ghosts and wears a bandage on his left cheek to hide his striking birthmark. One day, a girl with a scar on her forehead named Kouko Ishigami, accompanied by a ghost of a tall and friendly man, transfers into his class.

Fuuta quickly takes a liking to Kouko, wondering if it might be love at first sight. After waking up crying from a strange dream involving her, he feels a nostalgic connection to Kouko and becomes determined to befriend her. However, a chain of events forces Fuuta to reveal his birthmark to Kouko, to which she declares him to be the enemy of her life. A furious Kouko explains that the two are bound by reincarnation, and that Fuuta's birthmark is a curse she engraved on him in one of their past lives to recognize and eventually defeat him.

Kouko brings out a circular object made of flames known as the ""spirit circle"" and attacks Fuuta, pushing him off a flight of stairs. As he falls, Fuuta is thrown back into the insight of one of his previous lives. Spirit Circle chronicles Fuuta's journey back and forth his several past lives as he gradually unravels the mysteries behind his apparent bad blood with Kouko.",8.52,"34,115","May 30, 2012","Action,Adventure,Comedy,Drama,Romance,Supernatural"
66,Drifters,"At the start of the Edo period, the samurai Toyohisa Shimazu is in the midst of a bloody battle against the legendary Tokugawa clan to ensure the successful retreat of the Shimazu clan forces.

After his entire unit is massacred, Toyohisa manages to single-handedly force the enemy to withdraw—at the cost of being mortally wounded. Walking out of the battlefield dejected, he mysteriously finds himself in a white hallway, where he’s immediately thrown into a door. He awakens in a different world, and there he encounters ""Drifters,"" other legendary warriors who died and ended up in the same realm. Together, they use the knowledge and experience from their past lives in order to take over an empire and fight against an unknown force of evil that intends to crush all humanity.",7.82,"32,227","Apr 30, 2009","Action,Adventure,Comedy,Fantasy"
67,666 Satan,"In the not too distant future, mankind battles over O-Parts, relics from an ancient civilization. It takes a special kind of person to unlock the full potential of these remnants from the past, and a unique breed of humans known as O.P.T.s (or O-Parts Tacticians) become a force to be reckoned with. Unfortunately, O-Parts can be used for good or evil purposes.

Jio is a young boy with a tragic past who only trusts one thing in the world: money. Little does he suspect that he is actually a very powerful O.P.T., and inside him sleeps a demon of incredible ferocity. He meets up with a girl named Ruby, and together they decide to embark on a dangerous quest to discover as many O-Parts as they can. Will Jio help Ruby realize her dream of becoming a world famous treasure hunter? More importantly, will Ruby help Jio realize his dream of--world domination?!

(Source: Viz Media)

Included one-shots:
Volume 6: Trigger",7.47,"31,824","Aug 11, 2001","Action,Adventure,Comedy,Drama,Fantasy,Supernatural"
68,Yu☆Gi☆Oh!,"High school student Yuugi Mutou spends his days being bullied between classes and his nights playing board games and solving puzzles in his bedroom. Yuugi's penchant for gameplay comes from his grandfather, whose game shop also serves as a house for the two.

One night, Yuugi manages to solve the Millennium Puzzle, a seemingly impossible challenge that awakens his inner darkness and converts it into an alternate persona: Yami Yuugi. Transforming into the more bold and dangerous persona against his will in moments of great distress, Yuugi begins to moonlight as a vengeful vigilante, challenging bullies and evil-doers to risky games where failure results in fates worse than death.

Yuugi and his alter ego befriend some of the very students who once bullied him, forming unbreakable companionships with them. But the group must contend with villains far deadlier than the high school punks they originally rallied against, enemies who use games for nefarious purposes and threaten Yuugi and his friends' very lives.",7.61,"31,682","Sep 17, 1996","Action,Adventure,Comedy,Drama,Fantasy,Mystery,Supernatural"
69,½ Prince,"When Feng Lan's brother encouraged her to play the virtual reality game Second Life, he told her that as a girl, she'd be doted upon. To prove that she could be a better player than him even without a handicap, she was granted her special request for a male avatar. Her adventures in this online RPG begin, as she discovers both the game and what it's like to be thought of as a boy.",7.91,"31,305","Jan 25, 2007","Action,Adventure,Comedy,Fantasy,Romance"
70,Shin Angyo Onshi,"In Jushin, there once lived secret government agents called the amen osa (or angyō onshi in the Japanese version), who traveled the countryside in disguise. They were charged by the king with finding and punishing corrupt government officials, and bringing justice to the country's citizens.

(Source: Wikipedia)",8.37,"30,355","Mar 19, 2001","Action,Adventure,Drama,Fantasy,Supernatural"
71,Aria,"In the distant future, humanity has terraformed Mars into an oceanic planet to suit their needs. Now known as Aqua, the planet serves as a new home for people discontent with living on Manhome—the planet formerly known as Earth. Being a perfect imitation of Manhome's Venice, the town of Neo-Venezia has inherited all of the rustic charms of the original. Gondolas weave their way through the waterways of the dreamy town while nostalgic alleys await those who travel on foot.

Akari Mizunashi, a young Manhome native, has recently made Neo-Venezia her new home. To pursue her dream of becoming a gondolier tour guide—or Undine—Akari joins the Aria Company, one of the most renowned water guide companies in town. As she basks in a simple lifestyle unavailable on Manhome, Akari cheerily ambles through her daily life in Neo-Venezia: the town where magic and miracles abound.",8.63,"29,806","Feb 28, 2002","Adventure,Comedy,Drama,Sci-Fi,Slice of Life"
72,Fairy Tail: 100 Years Quest,"The 100 Years Quest: a mission so challenging and hazardous that it has remained unaccomplished for over a century. While countless mages have attempted to take on this gruelling objective, their results ended in either overwhelming defeat or worse. Nonetheless, Natsu Dragneel and his friends—Lucy Heartfilia, Gray Fullbuster, Erza Scarlet, and Wendy Marvell, along with the exceeds Happy and Charlés—ambitiously embark on the quest.

A year after the Fairy Tail guild has overcome the diabolical forces of Acnologia and Zeref, Natsu and his team trek into the northern continent of Guiltina, where they seek out the employer of the 100 Years Quest and receive their nearly impossible mission: to seal away the Five Dragon Gods—a group of individuals with such vast power that, if left alone, could cause global devastation. Meanwhile, a spirited new member named Touka is recruited to Fairy Tail. Although her vibrant energy and passionate nature makes her perfect for the guild, there seems to be more to her than meets the eye.

Determined to accomplish their seemingly insurmountable mission, Natsu and his friends begin their treacherous search for the Dragon Gods. However, once encountering a new dark guild named Diabolos, along with the newest recruit of Fairy Tail revealing her true colors, Natsu and his team will find that the 100 Years Quest isn't the only challenge they face.",7.43,"29,589","Jul 25, 2018","Action,Adventure,Comedy,Fantasy"
73,Magi: Sinbad no Bouken,"Not so long ago, mysterious structures called Dungeons began appearing all over the world. No one knows what they are or how they came to be, but adventurers and armies around the world instantly took interest in them. Thousands set out to explore the Dungeons, but so far, not a single person has returned.

In a Parthevian port, a young boy is about to make a name for himself. Sinbad is good-natured, strong, and craving adventure. A kind deed leads to his meeting with Yunan, an enigmatic traveler who is far more powerful than his frivolous personality lets on. Yunan instructs Sinbad to attain the ""power of the king"" and change the world—by conquering a Dungeon. The eager boy readily accepts, setting out on the grand adventure he so craved.

Taking place 15 years before the events of the original series, Magi: Sinbad no Bouken chronicles Sinbad's youth as a Dungeon conqueror. Along the way, the budding adventurer and merchant will have to face many obstacles, but anything is possible with the power of a king.",8.10,"29,125","May 8, 2013","Action,Adventure,Fantasy"
74,Edens Zero,"On the planet of Granbell, Shiki has led an isolated life growing up as the only human in Granbell Kingdom—an amusement park operated by machines. However, that changes when Rebecca Bluegarden and her feline companion Happy arrive, unaware that they are the first to visit this abandoned amusement park in one hundred years. Hoping to make fun videos for their B-Cube channel, they instead find and befriend the socially awkward Shiki.

When the machines make Granbell too dangerous for them, the trio flee and return to Rebecca and Happy's home planet, Blue Garden. There, Shiki registers as an adventurer for the Shooting Starlight guild and learns about the mysterious goddess, Mother. Curious about the familiar feeling he gets from her, he decides to set out on a journey to find her, a feat no one has ever accomplished. Opting to tag along, Rebecca and Happy help Shiki begin the search for Mother, shooting cool videos and making new friends along the way!",7.10,"28,848","Jun 27, 2018","Adventure,Fantasy"
75,Tsuki ga Michibiku Isekai Douchuu,"High school student Misumi Makoto is called into a fantasy world by the god Tsukuyomi, in order to be a hero. However, powerful others in this world aren't as thrilled to have him there, and they kick him to the edge of the world just as Tsukuyomi declares that he must leave Makoto to find his own way. Now it's up to Makoto to find his own way!

(Source: MangaHelpers)",7.75,"27,328","Jun 10, 2015","Adventure,Fantasy"
76,Kekkaishi,"By night, junior high student Yoshimori Sumimura is a ""kekkaishi""—a demon-hunter who specializes in creating magical barriers around his prey. By day, Yoshimori's got some other demons to battle: an addiction to sweets and a seriously crotchety grandfather! Yoshimori's pretty 16-year-old neighbor and childhood friend, Tokine Yukimura, is also a kekkaishi, but their families are feuding over who is the true practitioner of the art.

(Source: VIZ Media)",8.00,"27,018","Feb 18, 2004","Action,Adventure,Supernatural"
77,Trigun,"Much of the damage attributed to ""Vash"" is caused by the activities of bounty hunters who are after the 60,000,000,000$$ (sixty billion ""double dollars"") reward on Vash's head for the destruction of a city called July. Vash does not clearly remember the destruction of July, and only wants ""love and peace,"" as he puts it; though he is a gunfighter of inhuman skill, he uses his weapons only to save lives wherever he can.

As the series progresses, more is gradually learned about Vash's mysterious history and the history of the human civilization on Gunsmoke, the desert planet the series is set on. The series is often humorous in tone, but at the same time it involves very serious character development and especially in later episodes it becomes quite emotionally intense. Vash is occasionally joined by a priest, Nicholas D. Wolfwood, who is almost as good a gunfighter as Vash himself, and later is targeted by a band of assassins known as the Gung-Ho Guns for reasons which are mysterious at first.

Trigun evolves into a very serious discussion of the nature of morality, posing questions such as: What is the nature of morality? Can we judge different moral codes? If a person is forced to betray their moral code, does that betrayal invalidate that moral code, and can the person still try to live up to that moral code? Can the person find redemption from their wrongs, and if so, how?

(Source: Wikipedia)

Included one-shot:
Volume 2: Trigun (pilot)",7.76,"26,938","Apr 22, 1995","Action,Adventure,Comedy,Drama,Sci-Fi"
78,No Game No Life,"The internet is full of rumors about the NEET and hikikomori genius gamer siblings Sora and Shiro. The two go as far as to refer to the world as a ""shit game,"" but then one day a young man calling himself ""God"" summons them to a parallel universe. There, God has forbidden war, and ""everything is to be settled with games."" Yes, even the national borders. Driven into a corner by other species, the ""human species"" is down to its last city. Can Sora and Shiro, these related failures of society, become the saviors of humankind in this parallel world?

(Source: MU)",7.99,"26,552","Jan 26, 2013","Adventure,Comedy,Fantasy,Supernatural,Ecchi"
79,Chrno Crusade,"America in the Roaring 20s. On the surface, it's a positive, peaceful time after the violence of the Great War. But lurking in the shadows is a dark element ready to snatch that peace away. Sister Rosette Christopher, an exorcist working as a part of the Magdala Order, has a duty to fight the demons which appear and cause destruction. But along with her companion Chrno, she usually ends up causing more destruction than the demons themselves! On one particular mission, they meet a young girl with a beautiful voice named Azmaria, who is being targeted by her own stepfather. As Rosette and Chrno work to save her, more is revealed about the relationship between them. There is more to these two than meets the eye.

(Source: ADV)",8.15,"25,588","Dec 9, 1998","Action,Adventure,Drama,Fantasy,Romance,Sci-Fi,Supernatural"
80,Konjiki no Gash!!,"Kiyomaro Takamine, genius middle schooler, is greeted one morning by Gash Bell, a boy with a mysterious red book. Tasked by his father to decipher it, Kiyomaro soon learns Gash is no ordinary boy. Able to shoot lightning from his mouth at the chant of a word, Gash is a demon child—one apart of a war that takes place every 1000 years to decide the Demon King. With Kiyomaro being the only one who can read Gash's book, the duty of partner is thrust on him in this exciting tale of friendship, determination, and melons...?",8.34,"25,157","Jan 10, 2001","Action,Adventure,Comedy,Supernatural"
81,Song of the Long March,"Shortly after astrology predicts destruction to befall the Tang Dynasty, a coup d'état led by the crown prince Li's very own brother kills him and his wife and sons. Li's daughter, princess Yongning, manages to escape, but is soon declared dead alongside her family. Full of wrath, the princess swears to avenge them as she takes on the identity of a young man, Li Chang Ge, and moves to the Shou province to advance her goals.

Li Chang Ge uses her wits to gain the trust of the Shou emperor and swiftly climbs the military ranks as a brilliant strategist. Captivatingly drawn, Song of the Long March portrays the feisty girl's adolescent journey toward countless unknown adventures, faithful comradeship, as well as formidable enmity awaiting her along the way.",8.50,"24,999","Feb ??, 2011","Action,Adventure,Drama"
82,Dungeon ni Deai wo Motomeru no wa Machigatteiru Darou ka,"The huge labyrinth city, Orario, is the gateway to the huge underground maze commonly known as the ""Dungeon."" Its strange name causes excitement, a place to gain honor, and maybe even a romance with a pretty girl. A place where people hold their breath, hoping to gain all they wish for, a place where a solitary young man meets a little ""god.""

""Alright, Bell-kun, follow me! It's time for the ""Familia"" initiation rite to happen!""
""Yes! I'm going to get stronger!""

The fated meeting of a boy who wants to become an adventurer, and the failed god who doesn't even have a single follower.

This boy's journey as written by the goddess, ""Familia Myth.""

(Source: Baka-Tsuki)",8.24,"24,504","Jan 15, 2013","Action,Adventure,Fantasy"
83,Alive: Saishuu Shinkateki Shounen,"Taisuke Kanou is your average 16-year-old student. He has two close friends, Hirose and Megumi. Hirose has trouble with bullies, but Taisuke is always there to defend him, even though he just winds up getting beaten instead of Hirose. During class one day, Taisuke is hit by something unworldly and for that split second, he sees a vision of the universe. As he's walking home from school, he sees a girl fall and die in front of him, but his first thought is jealousy. He later finds out that the strange sensation that hit him is spreading throughout Japan. Those who are struck by it either commit suicide or ""evolve,"" but the comrades that evolve usually have dark intentions for the rest of the world.

(Source: ANN)",7.85,"23,557","Apr 5, 2003","Adventure,Sci-Fi,Supernatural"
84,Tsuyokute New Saga,"At long last, the demon invasion is over. The hero Kyle Lenard has struck down the Demon Lord with the aid of his companions and brought peace to the land. Although the fighting is finished, the land is in ruin. Most of the heroes have fallen one by one, leaving a mortally wounded Kyle as the only survivor.

With his strength fading, Kyle accidentally activates a mysterious artifact within the slain Lord's lair and is sent back in time to a few years before the conflict. Suddenly gifted with a second chance, Kyle reunites with his friends Seran the swordsman and martial artist Riize. The group must once again rally together a fighting force and use Kyle's knowledge of the future to prepare the world for a war no one else knows is coming.",7.35,"23,489","Feb 20, 2014","Adventure,Fantasy"
85,Tegamibachi,"In the land of Amberground, an artificial sun serves as the only source of light for the capital city of Akatsuki while an eternal night persists. The further away one is from the capital, the darker and more dangerous it is. In the surrounding areas of Yuusari and Yodaka exist enormous armored bug creatures called Gaichuu that prey on people's hearts. Despite this, it is the duty of Letter Bees, a special group of mail carriers, to deliver letters throughout Amberground while risking their lives battling the Gaichuu.

Twelve-year-old Lag Seeing aspires to become a Letter Bee like Gauche Suede after their fateful meeting five years ago, where Gauche ""delivered"" Lag himself as a letter sent by his missing mother. Determined to see Gauche again and uncover the truth behind his mother's disappearance, Lag begins his journey to become a Letter Bee.",7.84,"22,829","Sep 6, 2006","Adventure,Fantasy,Slice of Life,Supernatural"
86,Arifureta Shokugyou de Sekai Saikyou,"Seventeen-year-old Hajime Nagumo is your average, everyday otaku. However, his simple life of pulling all-nighters and sleeping in school is suddenly turned upside down when he, along with the rest of his class, is summoned to a fantasy world! They're treated like heroes and tasked with the duty of saving the human race from utter extinction. But what should have been any otaku's wet dream quickly turns into Hajime's nightmare. While the rest of his class are blessed with godlike powers, Hajime's job, Synergist, only has a single transmutation skill. Ridiculed and bullied by his classmates for being weak, he soon finds himself in despair. Will he be able to survive in this dangerous world of monsters and demons with only a glorified blacksmith's level of strength?

(Source: J-Novel Club)",7.76,"22,486","Jun 25, 2015","Action,Adventure,Fantasy"
87,Konjiki no Word Master: Yuusha Yonin ni Makikomareta Unique Cheat,"Okamura Hiiro is introverted and loves books. To him, books are his raison d'etre. His story starts with usual gimmick of summoning of heroes. Five people summoned, but one of them is just an outsider dragged in accidentally, that person is Hiiro. The four others are his classmates, but it's not like they are friends. Unlike him, they are riajuus. Hiiro decided not to help the country, his reason? ""I don't believe you. I'm not friends with them. It's not my business, and I'm an ordinary person who cares for my own life, so bye,"" and he sets for his own journey. Little does others know, that this ordinary person, Hiiro, actually hides a power which could change the world!

(Source: jCafe24)",7.41,"22,480","Oct 9, 2014","Action,Adventure,Fantasy"
88,Samurai Deeper Kyou,"At the dawn of the 17th century, at the end of the era of civil wars, in a world of chaos, the epic Battle of Sekigahara was joined. One man emerged from the largest battle ever fought on Japanese soil; a terrible warrior of unspeakable power, he was nicknamed 'the unconquerable.'

Kyoshiro is a peaceful medicine peddler who harbors the soul of an assassin. He accompanies a young bounty hunter across Japan in search of a murderer and on a quest to discover the terrible secret of his own identity.

(Source: Tokyopop)",7.71,"22,469","May 26, 1999","Action,Adventure,Comedy"
89,"Gate: Jieitai Kanochi nite, Kaku Tatakaeri","One day in the 21st century, a gate opened in the middle of the Ginza district of Tokyo. Out of the gate poured soldiers and strange creatures, and they soon made Ginza look like an image of hell. The gate apparently connected Japan to another world, a world with a militant empire and many supernatural creatures. The Japanese Self-Defense Force decided to send a small group, led by a soldier who's also an otaku, into the other world on a reconnaissance mission. They're meant to learn what they can about the empire (and its plans), the world, and the people.

They're hardly in the world yet, though, when they come across a village destroyed by a giant fire-breathing dragon. The only survivor is an unconscious elven girl they find hidden in a well. Now they feel like they must warn the nearby towns about the dragon, and do what they can to help. On the way, they'll meet more magical, female companions, and learn more about this dangerous new world.

(Source: MangaHelpers)",7.88,"22,380","Jul 30, 2011","Action,Adventure,Fantasy"
90,RWBY,"In the world of Remnant, humans and Faunus—human-animal hybrids—carry on their everyday lives despite the omnipresent threat of monstrous Grimm. Dedicated Huntsmen and Huntresses battle Grimm with both customized weapons and their own ""Semblances,"" unique abilities derived from the energy of one's soul. Some warriors also utilize a crystallized energy propellant, ""Dust,"" to bestow their weapons with elemental properties. In this dangerous line of work, rigorous training is required to stay alive. To that end, each of Remnant's four Kingdoms have established schools to properly groom children holding aspirations of becoming licensed Huntsmen.

At Beacon Academy in the Kingdom of Vale, a promising group of future Huntresses make their debut as Team RWBY. Ruby Rose, Weiss Schnee, Blake Belladonna, and Yang Xiao Long each come from different backgrounds and often butt heads as a result. However, when they cooperate, they are a formidable force who have even attracted the attention of Beacon's headmaster Professor Ozpin. Alongside fellow students such as those in Team JNPR, the young prodigy Ruby and her friends engage in adventures which pit them against an extremist Faunus group known as the White Fang. Every explosive encounter also brings them closer to the true villains orchestrating conflicts from the shadows.",7.19,"21,890","Nov 19, 2015","Action,Adventure,Sci-Fi"
91,Yuusha ga Shinda!: Murabito no Ore ga Hotta Otoshiana ni Yuusha ga Ochita Kekka.,"Far to the north of the world lies Hell's Gate, a portal formerly used by the Demon Lord to invade the human realm. Thanks to the legendary hero Shion Bladearts, wielder of Excalibur, and his loyal band of companions, the Gate was sealed off and the demonic threat was vanquished.

Unfortunately, the seal was incomplete and has begun to weaken, allowing the demons to once again begin their attack. Worried about the safety of his village, selfish and perverted farmer Touka Scott digs pitfalls to defend against the demons. But fear not, for Shion is on his way to reseal Hell's Gate and save humanity!

Or at least he was, because the legendary hero is dead, having fallen into one of the pitfalls Touka dug. Luckily, dealing with the dead is the specialty of necromancer Anri Haynesworth. While she can't revive him, Anri can at least salvage their quest by forcing Touka's soul into Shion's rotting body and dragging him along to Hell's Gate in Shion's place. Not wanting to be left behind, Touka's childhood friend Yuna Yunis tags along. Together, the three of them set out as what just might be the most unsuitable party to ever try to save the world!",7.48,"21,778","Dec 9, 2014","Action,Adventure,Comedy,Fantasy,Ecchi"
92,Are You Alice?,"A disillusioned young man in search of ""something"" stumbles into the weird and wacky world of Wonderland, where, as ""Alice,"" he is thrust into a murderous game of ""Kill the White Rabbit"" by command of the ruler of the land, the Queen of Hearts. But while Alice rails against the role that has been forced upon him, he has little choice but to comply. For in Wonderland, not sticking to the script can have deadly consequences...

(Source: Yen Press)",7.49,"21,766","May 28, 2009","Action,Adventure,Fantasy,Mystery"
93,Soredemo Sekai wa Utsukushii,"Nike, the fourth princess of the Rain Dukedom and one who holds the power to call forth the rain, travels to the Sun Kingdom to marry Sun King Livius for her country, despite her own reluctance. She soon discovers that the King, who conquered the world in only three years after his ascendance to the throne, is still a child!! Furthermore, for trivial reasons, he has demanded that Nike call forth the rain...?!

(Source: MU)",7.99,"21,674","Mar 5, 2009","Adventure,Fantasy,Romance"
94,Kingdom Hearts,"Sora is a young energetic boy looking forward to exploring the world with his friends, Riku and Kairi. The threesome is working hard on completing a raft that will allow them to leave their island but one day a mysterious force causes Sora to gain a special weapon known as the Keyblade. He fights some weird monsters and gets transported to a strange town. Meanwhile, Donald and Goofy leave their castle to search for the king and the chosen one who holds the ""key"" to saving the world. Sora is attacked again by creatures known as Heartless but is helped out by an old man named Cid and a warrior named Leon. He eventually meets up with Donald and Goofy and they join forces to go search for his friends and the King.

(Source: Tokyopop)",7.35,"21,647","Oct ??, 2003","Adventure,Fantasy"
95,World Customize Creator,"Tagami Yuusuke, led by a mysterious voice, is summoned to another world, ""Caltsio."" He was just a young, video-game lover, but Fate decided to make him become the ""Evil God of Calamity"" of this world, obtaining the ability to create and customize everything.

(Source: MU)",6.91,"21,148","Dec 6, 2013","Action,Adventure,Fantasy"
96,Fushigi Yuugi,"While visiting the National Library, junior-high students Miaka Yuuki and Yui Hongo are transported into the world of a mysterious book set in ancient China, ""The Universe of The Four Gods."" Miaka suddenly finds herself with the responsibility of being the priestess of Suzaku, and must find all of her celestial warriors for the purpose of summoning Suzaku for three wishes. However, the enemy nation of the god Seiryuu has manipulated Yui into becoming the priestess of Seiryuu. As enemies, the former best friends begin their long struggle to summon their respective gods and obtain their wishes...",7.65,"21,088","May ??, 1992","Action,Adventure,Drama,Fantasy,Romance"
97,Saihate no Paladin,"William is the lone human in a city of the dead. Born with vague memories of a past life in contemporary Japan where he failed to do anything useful, he is determined not to make the same mistake again, and that this time, his life will be lived. But what does that really mean? Raised by a group of the undead, William must discover what circumstances brought him to this city and these people as well as what it means to not just exist, but to live a full life.

(Source: ANN)",7.91,"20,786","Sep 25, 2017","Action,Adventure,Fantasy"
98,Trigun Maximum,"Much of the damage attributed to ""Vash"" is caused by the activities of bounty hunters who are after the 60,000,000,000$$ (sixty billion ""double dollars"") reward on Vash's head for the destruction of a city called July. Vash does not clearly remember the destruction of July, and only wants ""love and peace"", as he puts it; though he is a gunfighter of inhuman skill, he uses his weapons only to save lives wherever he can.

As the series progresses, more is gradually learned about Vash's mysterious history and the history of the human civilization on Gunsmoke, the desert planet the series is set on. The series is often humorous in tone, but at the same time it involves very serious character development and especially in later episodes it becomes quite emotionally intense. Vash is occasionally joined by a priest, Nicholas D. Wolfwood, who is almost as good a gunfighter as Vash himself, and later is targeted by a band of assassins known as the Gung-Ho Guns for reasons which are mysterious at first.

Trigun evolves into a very serious discussion of the nature of morality, posing questions such as: What is the nature of morality? Can we judge different moral codes? If a person is forced to betray their moral code, does that betrayal invalidate that moral code, and can the person still try to live up to that moral code? Can the person find redemption from their wrongs, and if so, how?

(Source: Wikipedia)",8.18,"20,301","Jul ??, 1998","Action,Adventure,Comedy,Drama,Sci-Fi"
99,Sora wa Akai Kawa no Hotori,"A seemingly ordinary modern day teenager, Yuri, is suddenly whisked away to the Hittite empire in ancient Anatolia, where an ambitious queen wants the girl for a blood sacrifice in order to murder all heirs but her son, thus seizing control of the throne. Luckily, the timely intervention of Prince Kail saves Yuri from the queen's grasp. Kail promises to send Yuri back to her home, but the queen's persistent schemes to kill them both, plus their growing feelings for each other, keep those plans delayed.

(Source: Wikipedia)

Included one-shot:
Volume 28: Orontes Renka",8.32,"20,247","Jan 5, 1995","Action,Adventure,Drama,Fantasy,Romance,Supernatural"
